model,accuracy,precision,recall,f1,roc_auc,threshold
Logistic Regression,0.9060402684563759,0.6447368421052632,0.98,0.7777777777777778,0.9394758064516129,0.7599999999999998
Random Forest,0.9362416107382551,0.7313432835820896,0.98,0.8376068376068376,0.9723790322580645,0.29999999999999993
