tx_month_period,transactions,default_rate
2018-10,17,0.058823529411764705
2018-11,133,0.03007518796992481
2018-12,268,0.011194029850746268
2019-01,277,0.02527075812274368
2019-02,463,0.23974082073434125
2019-03,330,0.15757575757575756
