feature,default_median,non_default_median,mann_whitney_pvalue,point_biserial_corr,point_biserial_pvalue
Amount,-192000.0,-3000.0,1.6297925271376314e-74,-0.33340143983409154,5.858386308621484e-40
Value,192000.0,3000.0,2.073717367879522e-74,0.33322028920903535,6.4840736095175955e-40
customer_prior_abs_amount_mean,192000.0,3687.5,1.3970019229836246e-47,0.39552405661266354,6.630897116646265e-57
customer_prior_abs_value_mean,192000.0,3735.9545454545455,1.5666808847527888e-47,0.39522508266563744,8.17181729171249e-57
customer_prior_txn_count,2.0,13.0,2.3747402586044203e-44,-0.20794765119349484,5.340176273658e-16
customer_prior_max_abs_amount,192000.0,11000.0,4.392553178857456e-08,0.20343060161569768,2.306291505736851e-15
customer_prior_abs_amount_sum,192000.0,67350.0,0.008550932442074994,0.11649608537090542,6.626003807699779e-06
customer_prior_abs_value_sum,192000.0,67775.0,0.010382828633106186,0.11497769603070421,8.738456623208075e-06
